,price,propertyType,exterior,rooms,bathrooms,province,municipality,status,newDevelopment,floor,district,hasLift,parkingSpace,size_MinMax,distance_MinMax
0,750.0,flat,True,1,1,Madrid,Madrid,good,False,3,Hortaleza,True,desconocido,0.31007751937984496,0.11473818133119058
1,750.0,flat,True,2,1,Madrid,San Sebastián de los Reyes,good,False,bj,Centro Urbano,False,desconocido,0.38759689922480617,0.26720905316726934
2,400.0,penthouse,True,2,2,Madrid,Villamanrique de Tajo,good,False,2,desconocido,False,desconocido,0.36434108527131787,0.9183406990759342
3,450.0,flat,False,2,1,Afueras,Recas,good,False,2,desconocido,True,True,0.5348837209302326,0.7868454533279765
4,450.0,flat,True,2,1,Afueras,Cedillo del Condado,good,False,1,desconocido,False,desconocido,0.31007751937984496,0.637036293022633
5,590.0,flat,True,3,2,Madrid,Rascafría,good,False,desconocido,desconocido,False,desconocido,0.38759689922480617,0.9443719030400429
6,684.0,studio,True,0,1,Madrid,Madrid,desconocido,desconocido,desconocido,desconocido,desconocido,desconocido,0.1937984496124031,0.17532141422257935
7,600.0,flat,True,2,1,Madrid,Manzanares el Real,good,False,3,desconocido,False,desconocido,0.4108527131782946,0.6173664122137404
8,600.0,duplex,True,1,1,Madrid,Miraflores de la Sierra,good,False,1,desconocido,False,desconocido,0.3953488372093023,0.7356200616043927
9,550.0,flat,True,3,1,Afueras,El Viso de San Juan,good,False,2,desconocido,False,True,0.5426356589147288,0.5933440471407527
10,550.0,flat,True,1,1,Madrid,Madrid,good,False,1,Puente de Vallecas,False,desconocido,0.2558139534883721,0.06403173965447971
11,700.0,studio,True,0,1,Madrid,Madrid,good,False,1,Ciudad Lineal,False,desconocido,0.06201550387596899,0.09016338556314452
12,700.0,duplex,True,2,1,Madrid,Galapagar,good,False,3,Casco Antiguo,True,desconocido,0.5116279069767442,0.5184478371501272
13,700.0,flat,False,1,1,Madrid,Madrid,good,False,5,Moncloa,False,desconocido,0.1937984496124031,0.031187223784652475
14,550.0,flat,True,2,1,Madrid,Arganda,good,False,en,Centro,False,desconocido,0.2635658914728682,0.43608544261416904
15,695.0,flat,True,2,1,Madrid,San Sebastián de los Reyes,good,False,1,Centro Urbano,False,desconocido,0.34108527131782945,0.26054640417838487
16,650.0,flat,True,2,1,Madrid,San Lorenzo de el Escorial,good,False,bj,Centro - Casco Histórico,False,desconocido,0.372093023255814,0.7068936654613633
17,400.0,penthouse,True,2,1,Afueras,Camarena,good,False,2,desconocido,True,desconocido,0.38759689922480617,0.8458383554305612
18,700.0,flat,False,1,1,Madrid,Madrid,good,False,1,Retiro,True,desconocido,0.07751937984496124,0.051292353019954474
19,700.0,flat,False,1,1,Madrid,Madrid,good,False,1,Arganzuela,False,desconocido,0.11627906976744184,0.02864269452256596
20,700.0,flat,True,1,1,Madrid,Madrid,good,False,2,Latina,True,desconocido,0.17829457364341084,0.07129704031070042
21,650.0,flat,True,2,1,Madrid,Madrid,good,False,1,Puente de Vallecas,False,desconocido,0.31007751937984496,0.0636467122003482
22,700.0,flat,True,3,2,Madrid,Aranjuez,good,False,bj,Centro,False,desconocido,0.6589147286821706,0.7335610017409937
23,695.0,flat,False,1,1,Madrid,Madrid,good,False,4,Barrio de Salamanca,True,desconocido,0.15503875968992248,0.03495379670550422
24,675.0,flat,True,1,1,Madrid,Villanueva del Pardillo,good,False,bj,Centro,False,True,0.15503875968992248,0.39127159501807957
25,650.0,flat,True,4,1,Afueras,Azuqueca de Henares,good,False,3,Bulevar - Plaza Castilla,False,desconocido,0.6201550387596899,0.6817999196464444
26,500.0,flat,True,3,2,Afueras,El Espinar,good,False,2,La Estación,False,desconocido,0.7364341085271318,0.9083132449444222
27,750.0,studio,False,0,1,Madrid,Madrid,good,False,bj,Centro,True,desconocido,0.1937984496124031,0.014128833534217223
28,750.0,flat,True,3,2,Madrid,Aranjuez,good,False,1,Centro,True,desconocido,0.6124031007751938,0.7250066961296371
29,680.0,flat,False,1,1,Madrid,Madrid,good,False,1,Retiro,True,desconocido,0.1395348837209302,0.04031070041516004
30,750.0,flat,True,1,1,Madrid,Madrid,good,False,1,Barajas,True,True,0.24031007751937983,0.19607941609749566
31,750.0,penthouse,True,1,1,Madrid,Las Rozas de Madrid,good,False,2,Las Matas- Peñascales,False,desconocido,0.31007751937984496,0.35377326905048884
32,750.0,studio,False,0,1,Madrid,Madrid,good,False,4,Centro,True,desconocido,0.038759689922480633,0.005859113432436053
33,750.0,flat,False,1,1,Madrid,Madrid,good,False,1,Arganzuela,False,desconocido,0.15503875968992248,0.03023302531137003
34,750.0,flat,True,2,1,Afueras,Guadalajara,good,False,1,San Roque-Concordia-Adoratrices,False,desconocido,0.5426356589147288,0.859113432436052
35,750.0,flat,True,3,2,Afueras,Illescas,desconocido,desconocido,desconocido,desconocido,desconocido,desconocido,0.5813953488372092,0.5735402437391188
36,650.0,flat,True,2,1,Madrid,Madrid,good,False,1,Latina,False,desconocido,0.3255813953488372,0.12819740190170084
37,750.0,studio,True,0,1,Madrid,Madrid,good,False,3,Centro,False,desconocido,0.07751937984496124,0.012588723717691177
38,750.0,flat,False,1,1,Madrid,Madrid,good,False,5,Chamberí,False,desconocido,0.14728682170542634,0.031019820543725728
39,700.0,flat,True,2,1,Madrid,Madrid,good,False,3,Villaverde,False,desconocido,0.3255813953488372,0.1390953528860319
40,747.0,flat,True,3,2,Madrid,Navalcarnero,good,False,1,La Dehesa - El Pinar,True,True,0.5891472868217054,0.4424132851212
41,730.0,flat,True,3,2,Afueras,Seseña,good,False,2,Seseña Nuevo,True,desconocido,0.6046511627906976,0.5830320074996652
42,640.0,studio,True,0,1,Madrid,Madrid,good,False,1,Villaverde,True,True,0.11627906976744184,0.11954265434578815
43,530.0,flat,True,2,1,Afueras,Casarrubios del Monte,good,False,1,desconocido,False,desconocido,0.23255813953488375,0.6033212802999867
44,750.0,flat,False,1,1,Madrid,Madrid,good,False,st,Retiro,True,desconocido,0.07751937984496124,0.03264363198071515
45,750.0,flat,True,2,1,Madrid,Alcalá de Henares,good,False,2,Reyes Católicos,True,True,0.38759689922480617,0.47743404312307486
46,625.0,flat,True,2,1,Madrid,El Escorial,good,False,2,Centro,False,desconocido,0.24806201550387597,0.6739989286192581
47,700.0,studio,True,0,1,Madrid,Madrid,good,False,3,Centro,True,desconocido,0.15503875968992248,0.020891924467657697
48,750.0,studio,True,0,1,Madrid,Madrid,good,False,en,Arganzuela,True,desconocido,0.15503875968992248,0.03739788402303469
49,650.0,flat,False,1,1,Madrid,Madrid,good,False,2,Centro,True,desconocido,0.11627906976744184,0.01570242399892862
50,720.0,flat,True,3,1,Madrid,Alcalá de Henares,good,False,2,Chorrillo,False,desconocido,0.38759689922480617,0.48406321146377396
51,650.0,flat,True,2,1,Afueras,Calypo Fado,good,False,1,desconocido,False,desconocido,0.38759689922480617,0.5930092406588992
52,699.0,flat,True,1,1,Madrid,Madrid,good,False,3,Puente de Vallecas,True,desconocido,0.24806201550387597,0.11565889915628767
53,650.0,flat,True,2,1,Afueras,Calypo Fado,good,False,1,desconocido,False,desconocido,0.38759689922480617,0.6055812240524977
54,750.0,flat,True,2,1,Madrid,Leganés,good,False,desconocido,Valdepelayo - Montepinos - Arroyo Culebro,True,True,0.3488372093023256,0.21591670014731487
55,695.0,flat,True,2,1,Madrid,Coslada,good,False,desconocido,Valleaguado - La Cañada,True,desconocido,0.3488372093023256,0.22969398687558593
56,750.0,flat,True,2,2,Madrid,Torrejón de Ardoz,good,False,desconocido,Suroeste,True,True,0.44961240310077516,0.32703897147448774
57,620.0,flat,True,2,1,Madrid,Madrid,good,False,desconocido,Villaverde,False,desconocido,0.31007751937984496,0.13054104727467525
58,500.0,studio,False,0,1,Madrid,Madrid,good,False,1,Centro,False,desconocido,0.06201550387596899,0.00980982991830722
59,550.0,flat,True,1,1,Madrid,Leganés,good,False,desconocido,Centro,False,desconocido,0.1395348837209302,0.18004218561671356
60,750.0,flat,False,1,1,Madrid,Madrid,good,False,3,Arganzuela,True,desconocido,0.2015503875968992,0.021645239051828045
61,680.0,studio,True,0,1,Madrid,Madrid,good,False,bj,Ciudad Lineal,False,desconocido,0.2713178294573643,0.08226195259140218
62,750.0,chalet,False,4,1,Afueras,Marchamalo,good,False,desconocido,desconocido,desconocido,desconocido,0.8527131782945736,0.8478974152939601
63,550.0,flat,True,1,1,Afueras,Guadalajara,good,False,3,San Roque-Concordia-Adoratrices,True,desconocido,0.38759689922480617,0.8613064148921924
64,700.0,flat,True,1,2,Madrid,Camarma de Esteruelas,desconocido,desconocido,desconocido,desconocido,desconocido,desconocido,0.23255813953488375,0.5334973885094416
65,750.0,duplex,True,1,1,Madrid,Madrid,desconocido,desconocido,desconocido,desconocido,desconocido,desconocido,0.11627906976744184,0.06468461229409402
66,750.0,flat,True,2,1,Madrid,Alcorcón,good,False,1,Centro,True,desconocido,0.35658914728682173,0.21976697468863
67,650.0,flat,True,1,1,Madrid,Alcalá de Henares,good,False,en,San Isidro - Los Almendros,True,desconocido,0.3488372093023256,0.48977166197937594
68,720.0,flat,False,3,2,Madrid,Pinto,good,False,1,San José - Buenos Aires,True,True,0.875968992248062,0.32258604526583634
69,600.0,flat,True,1,1,Madrid,Valdemoro,good,False,desconocido,Hospital,True,True,0.23255813953488375,0.405902638275077
70,650.0,flat,True,1,1,Madrid,Collado Villalba,good,False,2,Parque de la Coruña - Las Suertes,True,True,0.3178294573643411,0.580939466988081
71,650.0,flat,False,2,1,Madrid,Alcorcón,good,False,3,Valderas - Los Castillos,False,desconocido,0.3488372093023256,0.19006963974822555
72,700.0,flat,True,1,1,Madrid,Madrid,good,False,3,Barajas,False,desconocido,0.1937984496124031,0.2031940538368823
73,625.0,flat,True,2,1,Madrid,Getafe,good,False,bj,Getafe Centro,False,desconocido,0.3255813953488372,0.19222914155618054
74,595.0,flat,True,1,1,Madrid,Madrid,good,False,bj,Latina,False,desconocido,0.1937984496124031,0.07298781304406055
75,650.0,flat,True,1,1,Madrid,Madrid,good,False,4,San Blas,True,True,0.2713178294573643,0.1726262220436588
76,725.0,flat,True,1,1,Madrid,Madrid,good,False,2,Villaverde,True,desconocido,0.23255813953488375,0.12597093879737514
77,750.0,flat,True,3,1,Madrid,Alcalá de Henares,good,False,8,Reyes Católicos,True,desconocido,0.5813953488372092,0.4737511718226865
78,700.0,penthouse,True,1,1,Madrid,Madrid,good,False,1,San Blas,True,desconocido,0.07751937984496124,0.19864068568367485
79,700.0,flat,False,1,1,Madrid,Madrid,good,False,3,Centro,False,desconocido,0.054263565891472854,0.020222311503950718
80,650.0,flat,True,2,1,Madrid,Alcalá de Henares,good,False,1,Val,True,desconocido,0.3023255813953488,0.5085543056113566
81,550.0,flat,True,1,1,Madrid,Paracuellos de Jarama,good,False,3,Casco Urbano,True,desconocido,0.15503875968992248,0.2940772733360118
82,650.0,flat,True,1,1,Madrid,Madrid,good,False,4,San Blas,True,True,0.2713178294573643,0.16929489754921656
83,750.0,flat,True,2,1,Madrid,Madrid,good,False,desconocido,Ciudad Lineal,True,desconocido,0.3488372093023256,0.09034752912816393
84,725.0,flat,True,2,1,Madrid,Madrid,good,False,desconocido,Puente de Vallecas,True,desconocido,0.38759689922480617,0.06585643498058123
85,700.0,flat,True,1,1,Madrid,Alcalá de Henares,good,False,1,Casco Histórico,False,desconocido,0.46511627906976744,0.4901064684612294
86,650.0,flat,True,1,1,Madrid,Madrid,good,False,bj,Barajas,True,desconocido,0.15503875968992248,0.20157024239989288
87,695.0,flat,True,3,1,Madrid,Madrid,good,False,desconocido,Villaverde,False,desconocido,0.5426356589147288,0.1263224856033213
88,750.0,flat,True,1,1,Madrid,Madrid,good,False,desconocido,Ciudad Lineal,False,desconocido,0.2713178294573643,0.09766305075666266
89,650.0,flat,True,2,1,Madrid,Madrid,good,False,desconocido,Latina,True,desconocido,0.3488372093023256,0.12347663050756663
90,666.0,flat,True,1,2,Madrid,Villanueva del Pardillo,good,False,1,Los Llanos - Valle Pardo,True,True,0.38759689922480617,0.41313445828311235
91,750.0,flat,True,2,2,Madrid,Alcalá de Henares,good,False,desconocido,Ensanche,True,True,0.44961240310077516,0.49874447569304947
92,630.0,flat,True,3,1,Madrid,El Molar,good,False,desconocido,desconocido,True,desconocido,0.4186046511627907,0.607673764564082
93,635.0,studio,True,0,1,Madrid,Leganés,good,False,2,Valdepelayo - Montepinos - Arroyo Culebro,True,True,0.2713178294573643,0.24013994910941477
94,725.0,flat,True,2,1,Madrid,Collado Villalba,good,False,1,Dehesa - El Soto,True,True,0.37984496124031003,0.5977802330253114
95,740.0,flat,True,2,1,Afueras,Azuqueca de Henares,good,False,1,El Vallejo,True,True,0.5736434108527131,0.6804774340431231
96,750.0,flat,False,1,1,Madrid,Madrid,good,False,1,Centro,False,desconocido,0.11627906976744184,0.011316459086647919
97,690.0,flat,True,2,1,Madrid,Madrid,good,False,3,Puente de Vallecas,False,desconocido,0.3488372093023256,0.07601781170483461
98,700.0,studio,False,0,1,Madrid,Madrid,good,False,2,Centro,True,desconocido,0.07751937984496124,0.014363198071514666
99,730.0,flat,True,3,1,Madrid,Parla,good,False,1,Pintores-Ferial,False,desconocido,0.34108527131782945,0.33567697870630775
100,750.0,flat,True,1,1,Madrid,Madrid,good,False,1,Carabanchel,True,desconocido,0.24031007751937983,0.05445627427346994
101,750.0,flat,False,1,1,Madrid,Tres Cantos,good,False,4,Zona Estación- Centro,True,desconocido,0.21705426356589147,0.340548413017276
102,690.0,flat,True,1,1,Madrid,Madrid,good,False,desconocido,Tetuán,False,desconocido,0.11627906976744184,0.07732355698406322
103,675.0,flat,True,2,2,Afueras,Seseña,good,False,2,El Quiñón,True,True,0.496124031007752,0.5275713137806348
104,750.0,flat,True,3,1,Madrid,Alcorcón,good,False,4,Centro,True,False,0.4186046511627907,0.2148453194053837
105,650.0,flat,True,2,1,Afueras,Yuncos,good,False,1,desconocido,True,True,0.496124031007752,0.6508805410472747
106,700.0,duplex,True,1,1,Madrid,Madrid,good,False,bj,Centro,False,desconocido,0.11627906976744184,0.011199276817999197
107,500.0,duplex,True,3,2,Afueras,Esquivias,good,False,1,desconocido,False,True,0.5891472868217054,0.5871333869023705
108,600.0,flat,True,2,1,Afueras,Yuncos,good,False,bj,desconocido,True,True,0.5038759689922481,0.6601714209187091
109,720.0,flat,True,1,1,Madrid,Madrid,good,False,4,Hortaleza,True,desconocido,0.17054263565891475,0.13643364135529665
110,595.0,flat,True,1,1,Madrid,Quijorna,good,False,1,desconocido,False,True,0.2713178294573643,0.49410740591937863
111,700.0,flat,False,1,1,Madrid,Madrid,good,False,1,Centro,False,desconocido,0.1937984496124031,0.015568501406187225
112,750.0,flat,True,3,1,Afueras,Guadalajara,good,False,3,Constitución-El Balconcillo,True,desconocido,0.5426356589147288,0.8514631043256998
113,500.0,flat,True,1,1,Madrid,Valdemorillo,good,False,desconocido,Valdemorillo pueblo,False,desconocido,0.1937984496124031,0.5357740725860453
114,750.0,flat,True,2,2,Afueras,Illescas,good,False,bj,Señorío de Illescas,False,True,1.0,0.5205905986339896
115,625.0,flat,True,2,2,Afueras,Seseña,good,False,3,El Quiñón,True,True,0.5348837209302326,0.5247589393330655
116,700.0,flat,True,2,1,Madrid,Aranjuez,good,False,1,Nuevo Aranjuez-Ciudad de las Artes,False,desconocido,0.42635658914728686,0.7320878532208384
117,550.0,flat,True,3,2,Afueras,Yuncler,good,False,bj,desconocido,True,True,0.6201550387596899,0.7446430962903442
118,675.0,duplex,True,2,2,Madrid,Miraflores de la Sierra,good,False,2,desconocido,False,desconocido,0.5193798449612403,0.7419311637873309
119,650.0,flat,True,1,1,Madrid,Pedrezuela,good,False,bj,desconocido,False,True,0.1937984496124031,0.6287330922726664
120,750.0,studio,True,0,1,Madrid,Madrid,good,False,2,Centro,True,desconocido,0.2713178294573643,0.012304138208115711
121,720.0,studio,True,0,1,Madrid,San Sebastián de los Reyes,good,False,5,Vega de la Moraleja,True,desconocido,0.1937984496124031,0.2552899424132851
122,624.0,flat,True,1,1,Madrid,Valdemoro,newdevelopment,True,desconocido,Hospital,True,True,0.1937984496124031,0.3999933038703629
123,633.0,flat,True,1,1,Madrid,Valdemoro,newdevelopment,True,desconocido,Hospital,True,True,0.1937984496124031,0.3999933038703629
124,640.0,studio,True,0,1,Madrid,Madrid,good,False,2,Villa de Vallecas,True,False,0.10077519379844962,0.18424400696397483
125,645.0,flat,True,2,2,Madrid,Aranjuez,good,False,2,Nuevo Aranjuez-Ciudad de las Artes,True,desconocido,0.496124031007752,0.730614704700683
126,750.0,flat,False,1,1,Madrid,Madrid,good,False,3,Centro,False,desconocido,0.2015503875968992,0.01483192714610955
127,735.0,studio,True,0,1,Madrid,Madrid,good,False,1,Fuencarral,True,True,0.11627906976744184,0.18255323423061473
128,600.0,flat,True,1,1,Madrid,Daganzo de Arriba,desconocido,desconocido,desconocido,desconocido,desconocido,desconocido,0.2713178294573643,0.4186085442614169
129,750.0,flat,True,3,1,Madrid,Madrid,good,False,desconocido,Villaverde,False,desconocido,0.42635658914728686,0.13564684612294095
130,600.0,penthouse,True,1,1,Madrid,Madrid,good,False,5,Centro,True,desconocido,0.038759689922480633,0.0
131,705.0,flat,True,1,1,Madrid,Madrid,good,False,4,Villa de Vallecas,True,True,0.21705426356589147,0.1889815186822017
132,500.0,flat,True,3,2,Afueras,Yeles,good,False,2,desconocido,False,desconocido,0.5426356589147288,0.5651031203964109
133,650.0,flat,True,2,1,Madrid,Guadarrama,good,False,3,desconocido,False,desconocido,0.3255813953488372,0.7206039908932638
134,550.0,flat,True,2,1,Afueras,Ocaña,desconocido,desconocido,desconocido,desconocido,desconocido,desconocido,0.6666666666666667,0.8957914825231017
135,700.0,duplex,True,2,1,Madrid,Cobeña,good,False,1,desconocido,False,desconocido,0.3178294573643411,0.397314852015535
136,650.0,studio,False,0,1,Madrid,Madrid,good,False,en,Tetuán,True,desconocido,0.15503875968992248,0.08211128967456811
137,700.0,flat,True,1,1,Madrid,Madrid,good,False,bj,Latina,False,True,0.15503875968992248,0.04842975760010714
138,730.0,flat,True,2,1,Madrid,Madrid,good,False,4,Villaverde,False,desconocido,0.24031007751937983,0.11021829382616849
139,750.0,flat,True,2,1,Madrid,Madrid,good,False,3,Villa de Vallecas,False,desconocido,0.23255813953488375,0.1364001607071113
140,680.0,flat,True,2,1,Madrid,Torrejón de Ardoz,good,False,3,Noroeste,False,desconocido,0.27906976744186046,0.31999129503147183
141,710.0,flat,True,3,1,Madrid,Parla,good,False,4,Fuentebella-San Felix-El Leguario,False,desconocido,0.44961240310077516,0.35881210660238383
142,720.0,flat,True,2,1,Madrid,Madrid,good,False,1,San Blas,False,desconocido,0.20930232558139533,0.11559193785991698
143,750.0,studio,True,0,1,Madrid,Madrid,good,False,desconocido,Tetuán,True,desconocido,0.17829457364341084,0.08619592875318068
144,650.0,flat,True,2,2,Afueras,Seseña,good,False,1,El Quiñón,True,True,0.4728682170542636,0.523854961832061
145,695.0,studio,True,0,1,Madrid,Madrid,good,False,desconocido,Barajas,True,True,0.15503875968992248,0.2041147716619794
146,630.0,flat,True,1,2,Madrid,El Álamo,desconocido,desconocido,desconocido,desconocido,desconocido,desconocido,0.2635658914728682,0.5398587116646578
147,750.0,flat,True,3,1,Madrid,Algete,good,False,desconocido,desconocido,True,desconocido,0.5426356589147288,0.4388978170617383
148,730.0,flat,True,1,1,Madrid,Madrid,good,False,2,Villa de Vallecas,True,True,0.23255813953488375,0.14286192580688364
149,600.0,flat,True,3,1,Madrid,Valdemoro,good,False,desconocido,Centro,True,desconocido,0.5426356589147288,0.4184913619927682
150,650.0,studio,True,0,1,Madrid,Madrid,good,False,bj,Ciudad Lineal,True,desconocido,0.1937984496124031,0.09161979375920719
151,750.0,flat,False,1,1,Madrid,Madrid,good,False,bj,Centro,True,desconocido,0.1395348837209302,0.004804473014597563
152,600.0,flat,False,3,2,Afueras,El Casar,good,False,desconocido,desconocido,desconocido,desconocido,0.5426356589147288,0.6559863398955404
153,730.0,flat,True,1,1,Madrid,Rivas-Vaciamadrid,good,False,desconocido,Rivas Futura,True,True,0.23255813953488375,0.271645239051828
154,550.0,flat,True,3,2,Afueras,Yuncler,good,False,desconocido,desconocido,False,desconocido,0.5426356589147288,0.7435884558725058
155,550.0,penthouse,True,2,1,Afueras,Yeles,good,False,2,desconocido,False,True,0.46511627906976744,0.5500033480648185
156,735.0,studio,True,0,1,Madrid,Madrid,good,False,2,Fuencarral,True,True,0.07751937984496124,0.18422726663988218
157,610.0,flat,False,1,1,Madrid,Pinto,good,False,bj,San José - Buenos Aires,True,True,0.40310077519379844,0.3241094147582697
158,550.0,flat,True,2,1,Afueras,Cedillo del Condado,good,False,desconocido,desconocido,True,True,0.38759689922480617,0.6417738047408598
159,580.0,chalet,False,3,2,Madrid,Los Santos de la Humosa,good,False,desconocido,desconocido,desconocido,desconocido,0.2635658914728682,0.6506963974822553
160,725.0,flat,True,1,1,Madrid,Villanueva del Pardillo,good,False,en,Centro,False,desconocido,0.23255813953488375,0.39513860988348737
161,750.0,flat,True,1,1,Madrid,Madrid,good,False,1,Carabanchel,False,desconocido,0.21705426356589147,0.08206106870229009
162,750.0,flat,True,3,1,Madrid,Alcalá de Henares,good,False,2,San Isidro - Los Almendros,False,desconocido,0.38759689922480617,0.4934545332797643
163,750.0,flat,True,1,1,Madrid,Madrid,good,False,7,Hortaleza,True,desconocido,0.2248062015503876,0.1386433641355297
164,730.0,flat,True,3,1,Madrid,Parla,good,False,3,Reyes,False,desconocido,0.31007751937984496,0.3476128297843846
165,560.0,flat,False,1,1,Madrid,Madrid,good,False,bj,Centro,False,desconocido,0.046511627906976744,0.007399223248962101
166,700.0,studio,True,0,1,Madrid,Madrid,desconocido,desconocido,desconocido,desconocido,desconocido,desconocido,0.023255813953488358,0.018213472612829785
167,750.0,flat,True,3,1,Madrid,San Fernando de Henares,good,False,2,Parque Roma - Coronas,True,True,0.46511627906976744,0.24789071916432306
168,730.0,flat,True,3,1,Madrid,Pinto,good,False,3,Parque Europa - Los Pitufos,False,desconocido,0.38759689922480617,0.3113365474755591
169,730.0,flat,True,2,1,Madrid,Madrid,good,False,4,Vicálvaro,False,desconocido,0.24806201550387597,0.14470336145707782
170,740.0,flat,True,2,1,Madrid,Madrid,good,False,3,Villaverde,False,desconocido,0.34108527131782945,0.13696933172626224
171,720.0,flat,True,2,1,Madrid,Madrid,good,False,2,Villaverde,False,desconocido,0.3488372093023256,0.12267309495111828
172,720.0,flat,True,2,1,Madrid,Torrejón de Ardoz,good,False,2,Noroeste,False,desconocido,0.3333333333333333,0.32723985536359984
173,740.0,flat,True,2,1,Madrid,Madrid,good,False,1,Villaverde,True,desconocido,0.2635658914728682,0.10802531137002813
174,720.0,flat,True,2,1,Madrid,Getafe,good,False,3,La Alhóndiga,False,desconocido,0.24806201550387597,0.20945493504754253
175,730.0,flat,True,2,1,Madrid,Madrid,good,False,3,Puente de Vallecas,False,desconocido,0.1937984496124031,0.07034284183741799
176,600.0,duplex,False,1,1,Madrid,Madrid,desconocido,desconocido,desconocido,desconocido,desconocido,desconocido,0.46511627906976744,0.11785188161242803
177,600.0,duplex,False,1,1,Madrid,Madrid,desconocido,desconocido,desconocido,desconocido,desconocido,desconocido,0.46511627906976744,0.11647917503682872
178,725.0,duplex,True,2,1,Madrid,Cobeña,good,False,1,desconocido,False,True,0.3953488372093023,0.38460894602919515
179,675.0,flat,True,3,1,Madrid,Aldea del Fresno,good,False,2,desconocido,False,True,0.4341085271317829,0.7248895138609884
180,750.0,flat,True,1,1,Madrid,San Sebastián de los Reyes,good,False,3,Centro Urbano,True,True,0.2635658914728682,0.26200281237444756
181,750.0,duplex,True,2,2,Madrid,Collado Villalba,good,False,1,Villalba Estación,False,desconocido,0.4573643410852713,0.5777755457345655
182,700.0,flat,True,1,1,Madrid,Madrid,good,False,2,Usera,True,desconocido,0.2635658914728682,0.053083567697870634
183,750.0,flat,True,2,1,Madrid,Madrid,good,False,3,Villaverde,False,desconocido,0.2635658914728682,0.13624949779027723
184,730.0,flat,True,2,1,Madrid,Madrid,good,False,3,San Blas,False,desconocido,0.21705426356589147,0.11406856836748361
185,650.0,flat,True,2,1,Madrid,Alcalá de Henares,good,False,4,Reyes Católicos,False,desconocido,0.3178294573643411,0.4757934913619928
186,730.0,flat,True,2,1,Madrid,Madrid,good,False,1,Villaverde,False,desconocido,0.3333333333333333,0.1290678987545199
187,720.0,flat,True,2,1,Madrid,Madrid,good,False,2,San Blas,False,desconocido,0.23255813953488375,0.11480514262756128
188,720.0,flat,True,2,1,Madrid,Madrid,good,False,1,San Blas,False,desconocido,0.24031007751937983,0.11366680058925942
189,750.0,flat,True,2,1,Madrid,Madrid,good,False,1,Puente de Vallecas,False,desconocido,0.20930232558139533,0.07290411142359716
190,730.0,flat,True,2,1,Madrid,Madrid,good,False,3,Villaverde,False,desconocido,0.23255813953488375,0.12099906254185082
191,730.0,flat,True,2,1,Madrid,Madrid,good,False,2,Puente de Vallecas,False,desconocido,0.15503875968992248,0.06726262220436588
192,670.0,flat,True,2,1,Madrid,Valdemoro,good,False,1,Zona Estación,True,desconocido,0.36434108527131787,0.4171186554171689
193,740.0,flat,True,2,1,Madrid,Madrid,good,False,3,Puente de Vallecas,False,desconocido,0.24806201550387597,0.07832797642962369
194,720.0,flat,True,2,1,Madrid,Alcalá de Henares,good,False,1,Chorrillo,True,desconocido,0.37984496124031003,0.48381210660238383
195,750.0,flat,True,2,1,Madrid,Madrid,good,False,4,Villaverde,False,desconocido,0.3023255813953488,0.13755524306950584
196,740.0,flat,True,2,1,Madrid,Madrid,good,False,3,Villaverde,False,desconocido,0.1937984496124031,0.12617182268648722
197,740.0,flat,True,2,1,Madrid,Madrid,good,False,1,Villaverde,True,desconocido,0.31007751937984496,0.10859448238917907
198,730.0,studio,False,0,1,Madrid,Madrid,good,False,desconocido,Centro,True,desconocido,0.1937984496124031,0.011232757466184547
199,620.0,flat,True,3,1,Madrid,Parla,good,False,desconocido,Reyes,True,desconocido,0.42635658914728686,0.3492199008972814
200,695.0,flat,True,2,1,Madrid,Fuenlabrada,good,False,desconocido,Sudeste Industrial,False,desconocido,0.36434108527131787,0.2666398821481184
201,650.0,flat,True,3,1,Madrid,Navalcarnero,good,False,desconocido,Centro,True,desconocido,0.5813953488372092,0.4972043658765234
202,675.0,flat,True,2,1,Madrid,Alcalá de Henares,good,False,desconocido,Juan de Austria,True,desconocido,0.372093023255814,0.5068635328779966
203,695.0,flat,True,2,1,Madrid,Madrid,good,False,desconocido,Vicálvaro,False,desconocido,0.3488372093023256,0.1389614302932905
204,750.0,flat,True,2,2,Madrid,Parla,good,False,6,Centro,True,desconocido,0.7054263565891472,0.34150261149055844
205,675.0,flat,False,1,1,Madrid,Madrid,desconocido,desconocido,desconocido,desconocido,desconocido,desconocido,0.11627906976744184,0.013944689969197805
206,730.0,flat,False,3,1,Madrid,Parla,good,False,3,Reyes,False,desconocido,0.31007751937984496,0.34439868755859115
207,690.0,flat,True,2,1,Madrid,Parla,good,False,desconocido,Reyes,True,desconocido,0.5038759689922481,0.3452022231150395
208,750.0,flat,False,1,1,Madrid,Madrid,good,False,bj,Tetuán,False,desconocido,0.1937984496124031,0.08212802999866078
209,650.0,flat,True,2,2,Afueras,Seseña,good,False,3,El Quiñón,True,True,0.5193798449612403,0.5359247355028793
210,600.0,studio,True,0,1,Madrid,Madrid,good,False,1,San Blas,True,desconocido,0.09302325581395349,0.10281907057720638
211,450.0,flat,True,1,1,Afueras,Yeles,good,False,1,desconocido,True,desconocido,0.31007751937984496,0.5644000267845186
212,723.0,studio,True,0,1,Madrid,Rivas-Vaciamadrid,newdevelopment,True,desconocido,Rivas Futura,True,True,0.038759689922480633,0.2777554573456542
213,620.0,flat,True,2,2,Afueras,Seseña,good,False,1,El Quiñón,True,True,0.5193798449612403,0.521293692245882
214,400.0,flat,True,1,1,Afueras,Yeles,good,False,1,desconocido,True,desconocido,0.2713178294573643,0.5659568769251373
215,500.0,flat,True,3,2,Afueras,Fuensalida,good,False,2,desconocido,True,True,0.7364341085271318,0.9862059729476363
216,650.0,flat,True,2,2,Afueras,Seseña,good,False,4,El Quiñón,True,True,0.5813953488372092,0.5360921387438061
217,725.0,flat,True,1,1,Madrid,Madrid,good,False,1,San Blas,True,True,0.23255813953488375,0.1727601446364002
218,750.0,flat,True,3,1,Madrid,Getafe,desconocido,desconocido,desconocido,desconocido,desconocido,desconocido,0.36434108527131787,0.1920784786393465
219,600.0,flat,True,2,1,Madrid,Mataelpino,desconocido,desconocido,desconocido,desconocido,desconocido,desconocido,0.1937984496124031,0.6833400294629705
220,750.0,flat,True,3,1,Madrid,San Fernando de Henares,good,False,2,Montserrat - Parque Empresarial,False,desconocido,0.38759689922480617,0.24204834605597966
221,450.0,penthouse,True,1,1,Madrid,Villa del Prado,good,False,desconocido,desconocido,False,desconocido,0.31007751937984496,0.8881578947368421
222,550.0,flat,True,3,1,Afueras,El Viso de San Juan,good,False,2,desconocido,False,True,0.6589147286821706,0.5928585777420651
223,720.0,flat,True,1,1,Madrid,Madrid,good,False,bj,Carabanchel,False,desconocido,0.2635658914728682,0.05211262890049552
224,550.0,penthouse,True,2,2,Madrid,Villa del Prado,good,False,desconocido,desconocido,False,desconocido,0.42635658914728686,0.8883085576536762
225,720.0,flat,False,3,1,Madrid,Madrid,good,False,3,Villaverde,False,desconocido,0.2248062015503876,0.13773938663452526
226,740.0,flat,True,3,1,Madrid,Madrid,good,False,1,Vicálvaro,True,desconocido,0.3488372093023256,0.13827507700549083
227,720.0,flat,False,2,1,Madrid,Madrid,good,False,4,Villaverde,False,desconocido,0.27906976744186046,0.10894602919512524
228,650.0,flat,False,1,1,Madrid,Madrid,good,False,3,Centro,False,desconocido,0.08527131782945735,0.017142091870898622
229,650.0,flat,True,2,1,Madrid,Aranjuez,good,False,3,Nuevo Aranjuez-Ciudad de las Artes,False,desconocido,0.5891472868217054,0.73272398553636
230,690.0,flat,True,2,1,Madrid,Alcalá de Henares,good,False,bj,Val,False,desconocido,0.34108527131782945,0.5097596089460292
231,750.0,studio,True,0,1,Madrid,Madrid,good,False,5,Barrio de Salamanca,True,desconocido,0.038759689922480633,0.050120530333467264
232,725.0,flat,True,1,1,Madrid,Madrid,good,False,2,San Blas,True,True,0.1937984496124031,0.17284384625686355
233,620.0,flat,False,1,1,Madrid,Pinto,good,False,bj,San José - Buenos Aires,True,True,0.5038759689922481,0.32784250703093615
234,590.0,flat,True,1,1,Madrid,Los Molinos,good,False,bj,desconocido,False,desconocido,0.24806201550387597,0.7423161912414625
235,750.0,penthouse,True,0,1,Madrid,Tres Cantos,good,False,1,Zona Industrial,True,True,0.46511627906976744,0.345436587652337
236,720.0,studio,True,0,1,Madrid,Madrid,good,False,2,Ciudad Lineal,True,True,0.12403100775193798,0.09695995714477033
237,700.0,flat,True,2,1,Madrid,San Lorenzo de el Escorial,good,False,3,Centro - Casco Histórico,False,desconocido,0.4806201550387597,0.7077809026382751
238,692.0,flat,True,2,2,Madrid,Torrejón de Ardoz,newdevelopment,True,desconocido,Suroeste,True,True,0.48837209302325585,0.33666465782777555
239,670.0,flat,True,2,2,Madrid,Torrejón de Ardoz,newdevelopment,True,desconocido,Suroeste,True,True,0.4573643410852713,0.33666465782777555
240,609.0,flat,True,1,1,Madrid,Alcalá de Henares,newdevelopment,True,bj,Espartales,True,desconocido,0.27906976744186046,0.502259943752511
241,718.0,flat,True,2,2,Madrid,Torrejón de Ardoz,newdevelopment,True,desconocido,Suroeste,True,True,0.5116279069767442,0.33666465782777555
242,694.0,flat,True,2,2,Madrid,Torrejón de Ardoz,newdevelopment,True,desconocido,Suroeste,True,True,0.4728682170542636,0.33666465782777555
243,658.0,flat,True,2,2,Madrid,Torrejón de Ardoz,newdevelopment,True,desconocido,Suroeste,True,True,0.44961240310077516,0.33666465782777555
244,750.0,flat,False,2,1,Madrid,Madrid,good,False,2,Tetuán,True,desconocido,0.12403100775193798,0.05753649390652204
245,723.0,flat,True,2,2,Madrid,Torrejón de Ardoz,newdevelopment,True,desconocido,Suroeste,True,True,0.5271317829457365,0.33666465782777555
246,728.0,flat,True,2,2,Madrid,Torrejón de Ardoz,newdevelopment,True,desconocido,Suroeste,True,True,0.5503875968992249,0.33666465782777555
247,650.0,studio,True,0,1,Madrid,Madrid,good,False,bj,Tetuán,False,desconocido,0.06201550387596899,0.0792989152269988
248,750.0,flat,False,2,1,Madrid,Alcalá de Henares,good,False,1,Casco Histórico,False,desconocido,0.31007751937984496,0.4935047542520423
249,735.0,flat,True,3,1,Madrid,Parla,good,False,4,Parque Inlasa,False,desconocido,0.31007751937984496,0.3465749296906388
250,699.0,penthouse,True,2,1,Madrid,Colmenar Viejo,good,False,2,Centro,False,desconocido,0.44961240310077516,0.46037565287263965
251,725.0,flat,True,3,1,Madrid,Móstoles,good,False,4,Centro,False,desconocido,0.36434108527131787,0.2847194321682068
252,740.0,flat,True,3,2,Madrid,Alcalá de Henares,good,False,bj,Reyes Católicos,True,desconocido,0.441860465116279,0.4721106200616044
253,720.0,flat,True,1,1,Madrid,Collado Villalba,good,False,2,Villalba Estación,True,desconocido,0.4108527131782946,0.5788469264764966
254,750.0,flat,True,3,1,Madrid,Getafe,good,False,en,Universidad,True,desconocido,0.4573643410852713,0.19326704164992636
255,660.0,penthouse,True,1,1,Afueras,Seseña,good,False,8,El Quiñón,True,True,0.35658914728682173,0.5381511986072051
256,710.0,flat,True,3,1,Madrid,Parla,good,False,4,Parque Inlasa,False,desconocido,0.35658914728682173,0.34158631311102183
257,725.0,flat,True,2,1,Madrid,Madrid,good,False,3,Latina,False,desconocido,0.3255813953488372,0.1266405517610821
258,750.0,flat,False,1,1,Madrid,Madrid,good,False,bj,Carabanchel,False,desconocido,0.2015503875968992,0.09202156153743138
259,750.0,flat,True,2,1,Madrid,Madrid,good,False,1,Carabanchel,True,desconocido,0.3178294573643411,0.04985268514798447
260,495.0,flat,False,3,2,Afueras,Borox,good,False,bj,desconocido,True,desconocido,0.5426356589147288,0.6547810365608678
261,720.0,flat,False,2,1,Madrid,Parla,good,False,desconocido,Las Américas,True,True,0.6976744186046511,0.35546404178384894
262,720.0,flat,False,2,1,Madrid,Madrid,good,False,bj,Puente de Vallecas,False,desconocido,0.21705426356589147,0.0563814115441275
263,700.0,flat,False,2,1,Madrid,Madrid,good,False,4,Villaverde,False,desconocido,0.2868217054263566,0.13772264631043257
264,750.0,duplex,True,2,2,Madrid,Cobeña,good,False,1,desconocido,False,desconocido,0.42635658914728686,0.4016505959555377
265,610.0,studio,False,0,1,Madrid,Madrid,good,False,3,Tetuán,True,desconocido,0.046511627906976744,0.0863800723182001
266,740.0,flat,False,2,1,Madrid,Móstoles,good,False,4,Centro,False,desconocido,0.24806201550387597,0.29031070041516005
267,715.0,flat,True,2,1,Madrid,Colmenar Viejo,good,False,bj,San Crispín - La Estación Consorcio,True,True,0.3255813953488372,0.44152604794428824
268,550.0,flat,False,2,1,Madrid,Aranjuez,good,False,bj,Foso-Moreras,False,desconocido,0.2868217054263566,0.7254921655283246
269,710.0,flat,True,1,1,Madrid,Madrid,good,False,bj,Arganzuela,False,desconocido,0.12403100775193798,0.018950046872907463
270,730.0,flat,True,2,1,Madrid,Madrid,good,False,2,Villaverde,False,desconocido,0.24031007751937983,0.1324159635730548
271,750.0,studio,True,0,1,Madrid,Madrid,good,False,8,Centro,True,desconocido,0.023255813953488358,0.019820543725726534
272,690.0,flat,False,1,1,Madrid,Madrid,good,False,3,Tetuán,True,desconocido,0.10077519379844962,0.08452189634391323
273,740.0,flat,True,3,1,Madrid,Parla,good,False,4,Fuentebella-San Felix-El Leguario,True,desconocido,0.4108527131782946,0.3625117182268649
274,750.0,duplex,True,1,1,Madrid,Madrid,good,False,bj,Tetuán,True,desconocido,0.35658914728682173,0.09113432436051963
275,720.0,flat,False,3,1,Madrid,Madrid,good,False,2,Villaverde,False,desconocido,0.18604651162790697,0.13380541047274677
276,475.0,flat,True,2,2,Madrid,Navalafuente,good,False,2,desconocido,True,desconocido,0.4573643410852713,0.7515401098165261
277,740.0,flat,True,2,1,Madrid,Madrid,good,False,2,Puente de Vallecas,False,desconocido,0.16279069767441862,0.07707245212267311
278,740.0,flat,True,1,1,Madrid,Madrid,good,False,1,Latina,True,desconocido,0.2868217054263566,0.057904781036560875
279,740.0,flat,True,2,1,Madrid,Colmenar Viejo,good,False,1,San Crispín - La Estación Consorcio,True,True,0.3255813953488372,0.44708383554305614
280,700.0,flat,False,2,1,Madrid,Getafe,good,False,4,Getafe norte,False,desconocido,0.4186046511627907,0.1635027454131512
281,730.0,flat,False,1,1,Madrid,Madrid,good,False,2,Centro,True,desconocido,0.11627906976744184,0.00965916700147315
282,700.0,studio,True,0,1,Madrid,Madrid,good,False,3,Fuencarral,True,False,0.06201550387596899,0.1593176643899826
283,470.0,flat,False,1,1,Afueras,Fuensalida,good,False,1,desconocido,True,desconocido,0.46511627906976744,0.990491495915361
284,550.0,flat,True,2,1,Afueras,Yuncos,good,False,2,desconocido,True,True,0.4341085271317829,0.642175572519084
285,750.0,flat,True,2,2,Madrid,Valdemoro,good,False,3,Hospital,True,True,0.6899224806201549,0.40632114637739386
286,749.0,flat,True,1,1,Madrid,Madrid,good,False,2,Carabanchel,True,True,0.1395348837209302,0.10584906923798046
287,700.0,studio,False,0,1,Madrid,Madrid,good,False,bj,Retiro,True,desconocido,0.07751937984496124,0.03729744207847864
288,667.0,flat,True,1,1,Madrid,Parla,good,False,8,Parla Este,True,True,0.38759689922480617,0.3515802865943485
289,725.0,flat,False,1,1,Madrid,Madrid,good,False,1,San Blas,True,True,0.1937984496124031,0.17100241060666937
290,550.0,penthouse,True,3,1,Madrid,Robledo de Chavela,good,False,3,desconocido,False,True,0.38759689922480617,0.7936922458818804
291,695.0,flat,True,3,1,Madrid,Parla,good,False,4,Villayuventus-Renfe,False,desconocido,0.2713178294573643,0.3278090263827508
292,675.0,flat,True,2,2,Afueras,Seseña,good,False,2,El Quiñón,True,True,0.496124031007752,0.5240725860452659
293,750.0,flat,True,3,1,Madrid,Campo Real,good,False,1,desconocido,False,desconocido,0.6589147286821706,0.47922525780099107
294,699.0,flat,True,1,1,Madrid,Madrid,good,False,3,Puente de Vallecas,True,True,0.24806201550387597,0.11565889915628767
295,750.0,studio,True,0,1,Madrid,Madrid,good,False,14,Ciudad Lineal,True,desconocido,0.09302325581395349,0.08073858309896881
296,730.0,flat,True,3,1,Madrid,Collado Villalba,good,False,4,Carlos Ruiz,False,desconocido,0.46511627906976744,0.5958048747823759
297,340.0,flat,True,1,1,Afueras,Fuensalida,good,False,1,desconocido,False,True,0.23255813953488375,0.9840966921119594
298,710.0,flat,True,1,1,Madrid,Madrid,good,False,bj,Centro,False,desconocido,0.07751937984496124,0.016288335342172226
299,650.0,flat,True,1,1,Madrid,Madrid,good,False,4,Puente de Vallecas,True,desconocido,0.29457364341085274,0.09610620061604394
300,600.0,countryHouse,False,2,2,Madrid,Villaviciosa de Odón,renew,False,desconocido,Centro,desconocido,desconocido,0.31007751937984496,0.3949544663184679
301,740.0,flat,True,2,1,Madrid,Madrid,good,False,3,Villa de Vallecas,False,desconocido,0.16279069767441862,0.1368521494576135
302,525.0,flat,True,1,1,Madrid,Aranjuez,good,False,3,Foso-Moreras,True,desconocido,0.15503875968992248,0.7177581357975091
303,750.0,studio,True,0,1,Madrid,Madrid,good,False,4,Moncloa,False,desconocido,0.11627906976744184,0.018230212936922462
304,750.0,flat,True,3,1,Madrid,Alcalá de Henares,good,False,2,Chorrillo,True,desconocido,0.4186046511627907,0.48650729878130444
305,685.0,flat,True,2,2,Afueras,Seseña,good,False,6,El Quiñón,True,True,0.496124031007752,0.5362260613365475
306,710.0,flat,True,3,1,Madrid,Alcalá de Henares,good,False,5,Reyes Católicos,True,desconocido,0.37984496124031003,0.4730313378867015
307,560.0,studio,True,0,1,Madrid,Madrid,good,False,bj,Puente de Vallecas,False,desconocido,0.2015503875968992,0.060315387705906
308,500.0,duplex,True,3,2,Afueras,Casarrubios del Monte,good,False,2,desconocido,True,True,0.38759689922480617,0.6429791080755324
309,600.0,flat,True,1,1,Madrid,Torrejón de Ardoz,good,False,bj,Noroeste,False,desconocido,0.17054263565891475,0.31341234766305076
310,600.0,penthouse,True,3,1,Afueras,El Espinar,good,False,4,El Espinar,True,True,0.37984496124031003,0.9413921253515468
311,460.0,flat,True,1,1,Afueras,Casarrubios del Monte,good,False,1,desconocido,True,True,0.5038759689922481,0.6365843042721308
312,460.0,flat,True,1,1,Afueras,Mocejón,desconocido,desconocido,desconocido,desconocido,desconocido,desconocido,0.2713178294573643,0.9335074327038972
313,720.0,flat,True,1,1,Madrid,Madrid,good,False,ss,Carabanchel,False,desconocido,0.18604651162790697,0.05701754385964913
314,750.0,flat,True,2,1,Madrid,Madrid,good,False,desconocido,Latina,False,desconocido,0.31007751937984496,0.04031070041516004
315,750.0,flat,False,1,1,Madrid,Madrid,good,False,4,Arganzuela,True,desconocido,0.17054263565891475,0.04317329583500737
316,750.0,studio,True,0,1,Madrid,Madrid,good,False,4,San Blas,True,desconocido,0.5426356589147288,0.1179355832328914
317,650.0,studio,False,0,1,Madrid,Madrid,good,False,bj,Chamartín,True,desconocido,0.1937984496124031,0.06066693451185215
318,650.0,flat,True,1,1,Madrid,Parla,good,False,2,El Nido-Las Fuentes,True,desconocido,0.3023255813953488,0.3424065889915629
319,670.0,flat,True,2,1,Madrid,Arganda,good,False,3,El Mirador - Grillero,True,True,0.42635658914728686,0.4498627293424401
320,600.0,flat,True,3,1,Afueras,San Ildefonso o la Granja,good,False,2,desconocido,False,desconocido,0.38759689922480617,1.0
321,650.0,flat,True,1,1,Madrid,Getafe,newdevelopment,True,2,La Alhóndiga,True,desconocido,0.1937984496124031,0.20423195393062812
322,600.0,duplex,True,2,1,Afueras,Alameda de la Sagra,desconocido,desconocido,desconocido,desconocido,desconocido,desconocido,0.38759689922480617,0.7572653006562208
323,750.0,flat,True,1,1,Madrid,Madrid,good,False,2,Puente de Vallecas,True,desconocido,0.09302325581395349,0.0863131110218294
324,725.0,flat,True,1,1,Madrid,Madrid,desconocido,desconocido,desconocido,desconocido,desconocido,desconocido,0.23255813953488375,0.09007968394268114
325,620.0,studio,False,0,1,Madrid,Madrid,good,False,1,Arganzuela,True,desconocido,0.0,0.02862595419847329
326,500.0,flat,True,3,2,Afueras,El Espinar,good,False,3,El Espinar,False,True,0.8139534883720929,0.9447736708182671
327,400.0,flat,True,3,2,Afueras,Cabañas de la Sagra,good,False,2,desconocido,True,True,0.6201550387596899,0.8328311236105531
328,680.0,flat,True,1,1,Madrid,Madrid,good,False,bj,Carabanchel,False,desconocido,0.11627906976744184,0.052313512789607615
329,750.0,flat,True,3,1,Madrid,Coslada,good,False,bj,La Espinilla - Parque Blanco,True,desconocido,0.5193798449612403,0.20650863800723185
330,350.0,flat,True,1,1,Afueras,Las Navas del Marqués,good,False,1,desconocido,True,desconocido,0.2558139534883721,0.9535456006428286
331,400.0,flat,False,4,2,Afueras,Villaseca de la Sagra,good,False,4,desconocido,True,desconocido,0.8372093023255813,0.8800890585241731
332,670.0,flat,True,1,1,Madrid,Getafe,newdevelopment,True,1,La Alhóndiga,True,desconocido,0.2558139534883721,0.20423195393062812
333,600.0,flat,True,3,1,Madrid,Alcalá de Henares,desconocido,desconocido,desconocido,desconocido,desconocido,desconocido,0.42635658914728686,0.4783212802999866
334,750.0,flat,True,2,1,Madrid,Alcorcón,good,False,4,Centro,False,False,0.38759689922480617,0.2080989687960359
335,660.0,flat,True,2,2,Afueras,Seseña,good,False,5,El Quiñón,True,desconocido,0.5503875968992249,0.5373476630507567
336,700.0,flat,True,2,1,Madrid,Pozuelo de Alarcón,good,False,3,Zona Pueblo,False,desconocido,0.12403100775193798,0.15638810767376457
337,695.0,flat,False,1,1,Madrid,Madrid,good,False,1,Carabanchel,True,desconocido,0.29457364341085274,0.09167001473148521
338,710.0,flat,True,1,1,Madrid,Arganda,good,False,2,Centro,True,True,0.35658914728682173,0.41566224722110623
339,700.0,duplex,True,3,3,Afueras,Yebes,good,False,desconocido,desconocido,True,True,0.7751937984496124,0.8979007633587787
340,620.0,flat,True,2,1,Madrid,Bustarviejo,good,False,2,desconocido,False,True,0.46511627906976744,0.8218996919780367
341,475.0,flat,False,1,1,Afueras,San Ildefonso o la Granja,good,False,bj,desconocido,False,desconocido,0.2015503875968992,0.9620162046337217
342,500.0,flat,True,3,1,Afueras,Fuensalida,good,False,3,desconocido,False,desconocido,0.6201550387596899,0.9863901165126557
343,700.0,flat,True,3,1,Madrid,Collado Mediano,good,False,1,desconocido,False,True,0.46511627906976744,0.6817329583500737
344,715.0,flat,True,3,1,Madrid,Chinchón,good,False,bj,desconocido,False,desconocido,0.5348837209302326,0.6550991027186287
345,650.0,flat,True,2,1,Afueras,Guadalajara,good,False,3,Constitución-El Balconcillo,False,desconocido,0.38759689922480617,0.8425907325565823
346,750.0,flat,True,1,1,Madrid,Madrid,good,False,1,Villa de Vallecas,True,True,0.23255813953488375,0.18447837150127228
347,750.0,flat,True,1,1,Madrid,Madrid,good,False,2,Hortaleza,True,True,0.1937984496124031,0.13799049149591538
348,430.0,flat,True,1,1,Afueras,Valmojado,good,False,1,desconocido,True,desconocido,0.31007751937984496,0.6683574394000268
349,380.0,penthouse,True,1,1,Afueras,San Ildefonso o la Granja,good,False,5,desconocido,False,desconocido,0.23255813953488375,0.9958986205972948
350,550.0,studio,False,0,1,Madrid,Madrid,good,False,bj,Tetuán,False,desconocido,0.038759689922480633,0.0747790277219767
351,550.0,flat,True,1,1,Afueras,San Ildefonso o la Granja,good,False,bj,desconocido,False,desconocido,0.3953488372093023,0.9946765769385296
352,730.0,flat,True,1,1,Madrid,Colmenar Viejo,good,False,desconocido,Centro,False,desconocido,0.31007751937984496,0.4623677514396679
353,750.0,penthouse,True,2,1,Madrid,Madrid,good,False,4,Puente de Vallecas,True,desconocido,0.2015503875968992,0.062039641087451455
354,500.0,flat,True,2,1,Afueras,El Espinar,good,False,desconocido,Los Ángeles de San Rafael,True,desconocido,0.46511627906976744,0.976245480112495
355,700.0,flat,True,1,1,Madrid,Coslada,good,False,bj,Ciudad 70,False,desconocido,0.1937984496124031,0.22940940136601046
356,680.0,flat,True,2,1,Madrid,Coslada,renew,False,bj,Valleaguado - La Cañada,True,desconocido,0.5038759689922481,0.2196330520958886
357,700.0,flat,True,2,2,Afueras,Seseña,good,False,6,El Quiñón,True,True,0.5968992248062015,0.5377829114771662
358,600.0,flat,False,1,1,Madrid,Madrid,good,False,4,Tetuán,False,desconocido,0.06201550387596899,0.07089527253247624
359,620.0,flat,True,2,2,Afueras,Seseña,good,False,1,El Quiñón,True,True,0.5968992248062015,0.5205403776617116
360,750.0,duplex,True,2,2,Afueras,Guadalajara,good,False,desconocido,Casco Histórico,True,True,0.6201550387596899,0.8573054774340432
361,550.0,flat,True,2,2,Afueras,Ocaña,good,False,1,Centro,True,desconocido,0.4573643410852713,0.8892292754787733
362,690.0,flat,True,2,2,Afueras,Alovera,good,False,2,desconocido,True,True,0.5271317829457365,0.7223784652470873
363,750.0,flat,True,2,1,Madrid,Colmenarejo,good,False,1,desconocido,False,True,0.46511627906976744,0.5158028659434847
364,700.0,flat,True,1,1,Madrid,Alcorcón,good,False,2,Centro,True,desconocido,0.3255813953488372,0.21523034685951523
365,690.0,flat,True,2,1,Madrid,Madrid,good,False,bj,Carabanchel,True,True,0.441860465116279,0.1188563010579885
366,700.0,flat,True,1,1,Madrid,Madrid,good,False,bj,Fuencarral,False,desconocido,0.23255813953488375,0.12824762287397884
367,750.0,flat,True,2,1,Madrid,Coslada,good,False,5,Ciudad 70,True,desconocido,0.5193798449612403,0.2275010044194456
368,735.0,flat,True,1,1,Madrid,Getafe,good,False,4,Buenavista,True,True,0.24031007751937983,0.23168608544261418
369,700.0,flat,True,3,1,Madrid,Móstoles,good,False,5,Suroeste,True,desconocido,0.46511627906976744,0.294529262086514
370,725.0,flat,True,3,1,Madrid,Fuenlabrada,good,False,desconocido,Centro,False,desconocido,0.42635658914728686,0.2689165662247221
371,675.0,penthouse,True,2,1,Afueras,Guadalajara,good,False,3,Casco Histórico,False,True,0.46511627906976744,0.8614738181331191
372,733.0,flat,True,2,1,Madrid,Alcalá de Henares,good,False,2,Las Sedas - El Olivar,True,True,0.3751937984496125,0.47472211062006164
373,750.0,flat,True,1,1,Madrid,Madrid,good,False,bj,Ciudad Lineal,True,desconocido,0.12403100775193798,0.06786527387170216
374,675.0,flat,True,2,1,Madrid,Madrid,good,False,bj,Latina,False,desconocido,0.37984496124031003,0.09161979375920719
375,650.0,flat,True,2,1,Madrid,Guadarrama,good,False,2,desconocido,False,desconocido,0.5038759689922481,0.7178753180661578
376,730.0,flat,True,1,1,Madrid,Madrid,good,False,bj,Tetuán,True,desconocido,0.24806201550387597,0.09535288603187358
377,700.0,flat,True,1,1,Madrid,Loeches,good,False,bj,desconocido,True,desconocido,0.5968992248062015,0.40883219499129503
378,650.0,flat,False,2,2,Afueras,Seseña,good,False,3,El Quiñón,True,True,0.5193798449612403,0.5232020891924468
379,690.0,studio,False,0,1,Madrid,Madrid,good,False,2,Tetuán,True,True,0.1395348837209302,0.09399691978036696
380,700.0,flat,True,2,1,Madrid,Guadarrama,good,False,1,desconocido,False,desconocido,0.38759689922480617,0.7195493504754252
381,600.0,duplex,True,2,2,Madrid,Miraflores de la Sierra,good,False,2,desconocido,False,desconocido,0.5348837209302326,0.7414456943886434
382,700.0,studio,False,0,1,Madrid,Madrid,good,False,bj,Centro,False,desconocido,0.038759689922480633,0.008504084639078613
383,690.0,flat,True,2,1,Madrid,Sevilla la Nueva,good,False,bj,desconocido,False,desconocido,0.31007751937984496,0.48248962099906256
384,620.0,flat,True,2,2,Afueras,Yebes,good,False,1,desconocido,True,True,0.6046511627906976,0.9032409267443419
385,750.0,duplex,True,3,3,Madrid,Serranillos del Valle,good,False,1,desconocido,False,desconocido,0.7286821705426356,0.4673228873710995
386,700.0,flat,True,2,2,Afueras,Guadalajara,good,False,1,Las Cañas,True,True,0.5813953488372092,0.8750669612963707
387,605.0,flat,True,2,2,Afueras,Yebes,good,False,2,desconocido,True,True,0.5193798449612403,0.902822418642025
388,645.0,flat,True,2,2,Afueras,Yebes,good,False,2,desconocido,True,True,0.6511627906976745,0.9012320878532208
389,750.0,flat,True,2,2,Afueras,Yebes,good,False,bj,desconocido,True,True,0.6511627906976745,0.9014497120664257
390,700.0,studio,True,0,1,Madrid,Madrid,good,False,bj,Hortaleza,False,desconocido,0.24031007751937983,0.1387438060800857
391,670.0,flat,True,1,1,Madrid,Collado Villalba,good,False,bj,Parque de la Coruña - Las Suertes,True,True,0.3178294573643411,0.5851245480112496
392,700.0,flat,True,2,2,Afueras,Guadalajara,good,False,3,Las Lomas-Salinera-La Muñeca,True,True,0.42635658914728686,0.8905015401098166
393,750.0,flat,True,2,1,Madrid,Valdemoro,good,False,4,Zona Estación,True,desconocido,0.46511627906976744,0.4168675505557788
394,740.0,studio,True,0,1,Madrid,Madrid,good,False,bj,Hortaleza,True,desconocido,0.10077519379844962,0.13624949779027723
395,750.0,flat,True,4,2,Madrid,Colmenar Viejo,good,False,1,El Mirador,False,desconocido,0.6976744186046511,0.46526382750770057
396,750.0,flat,True,2,1,Madrid,Madrid,good,False,3,Puente de Vallecas,False,desconocido,0.3255813953488372,0.09240658899156289
397,750.0,studio,True,0,1,Madrid,San Sebastián de los Reyes,good,False,bj,Pol. Industrial sur,True,True,0.38759689922480617,0.26935181465113167
398,650.0,studio,True,0,1,Madrid,Madrid,good,False,bj,Ciudad Lineal,False,desconocido,0.06201550387596899,0.08731753046738985
399,625.0,flat,True,1,1,Madrid,Arganda,good,False,2,Centro,True,True,0.24031007751937983,0.4156120262488282
400,700.0,flat,True,1,1,Madrid,Madrid,good,False,bj,Retiro,True,desconocido,0.11627906976744184,0.03487009508504085
401,525.0,flat,True,1,1,Afueras,Illescas,good,False,2,Parque - Ctra de Ugena,True,True,0.2868217054263566,0.5754486406856837
402,750.0,flat,True,2,2,Madrid,Colmenarejo,good,False,1,desconocido,False,desconocido,0.5813953488372092,0.5118521494576135
403,600.0,flat,True,2,2,Afueras,Yebes,good,False,bj,desconocido,True,True,0.7751937984496124,0.9021695460024106
404,725.0,flat,True,3,2,Afueras,Alovera,good,False,1,desconocido,True,True,0.6821705426356588,0.7100073657426008
405,600.0,studio,False,0,1,Madrid,Madrid,good,False,bj,Usera,False,desconocido,0.038759689922480633,0.06075063613231553
406,480.0,flat,True,2,1,Afueras,Las Ventas de Retamosa,good,False,1,desconocido,False,True,0.46511627906976744,0.7558925940806215
407,750.0,flat,True,2,2,Madrid,Getafe,good,False,2,San Isidro,True,desconocido,0.5348837209302326,0.21251841435650196
408,700.0,flat,True,1,1,Madrid,Valdemorillo,good,False,1,Valdemorillo pueblo,True,desconocido,0.2713178294573643,0.5326938529529932
409,750.0,flat,True,3,2,Madrid,Campo Real,good,False,2,desconocido,True,True,0.5426356589147288,0.47798647381813314
410,750.0,flat,True,2,1,Madrid,Madrid,good,False,2,Fuencarral,True,desconocido,0.21705426356589147,0.11130641489219233
411,625.0,flat,True,2,1,Madrid,Aranjuez,good,False,bj,Centro,False,desconocido,0.2868217054263566,0.7276014463640017
412,750.0,flat,True,1,1,Madrid,San Sebastián de los Reyes,good,False,1,Centro Urbano,False,True,0.2015503875968992,0.2669077273336012
413,695.0,flat,True,1,1,Madrid,Madrid,good,False,4,Villaverde,True,True,0.3023255813953488,0.14081960626757736
414,450.0,flat,True,1,1,Madrid,Robledo de Chavela,good,False,1,desconocido,False,desconocido,0.15503875968992248,0.7715615374313647
415,720.0,flat,True,2,1,Madrid,Alcorcón,good,False,bj,Centro,False,desconocido,0.29457364341085274,0.22211062006160442
416,745.0,flat,True,2,1,Madrid,Alcalá de Henares,good,False,2,Las Sedas - El Olivar,True,True,0.4108527131782946,0.4790578545600643
417,720.0,flat,True,2,1,Madrid,Alcalá de Henares,good,False,2,Las Sedas - El Olivar,True,True,0.3844961240310077,0.4761115575197536
418,750.0,flat,True,2,1,Madrid,Madrid,good,False,1,Fuencarral,False,desconocido,0.2713178294573643,0.12185281907057721
419,720.0,studio,True,0,1,Madrid,Madrid,good,False,1,Ciudad Lineal,True,True,0.21705426356589147,0.0941643230212937
420,725.0,studio,False,0,1,Madrid,Madrid,good,False,8,Centro,True,desconocido,0.18604651162790697,0.016020490156689434
421,750.0,flat,False,2,1,Madrid,Madrid,good,False,5,Villaverde,True,True,0.46511627906976744,0.13104325699745548
422,550.0,flat,True,2,1,Madrid,Torrelaguna,good,False,1,desconocido,True,desconocido,0.5116279069767442,0.7912314182402572
423,640.0,flat,True,2,1,Madrid,Villalbilla,good,False,2,desconocido,True,True,0.37984496124031003,0.48761216017142095
424,700.0,flat,True,1,1,Madrid,Getafe,good,False,1,Getafe Centro,True,desconocido,0.2635658914728682,0.1920617383152538
425,700.0,flat,True,1,1,Madrid,Madrid,good,False,6,Carabanchel,True,True,0.3023255813953488,0.1229744207847864
426,700.0,flat,True,2,1,Madrid,Alcalá de Henares,good,False,1,Pryconsa - Poligono Europa,False,desconocido,0.42635658914728686,0.5051560198205437
427,695.0,flat,False,2,1,Madrid,Alcobendas,good,False,3,Alcobendas Centro,False,desconocido,0.3255813953488372,0.25075331458417033
